<archive xmlns="http://www.webhare.net/xmlns/publisher/archive" version="1" source="WebHare Application Portal v3.13.03"><meta xmlns:hs='http://www.webhare.net/xmlns/hs/xmlrecord' hs:type='record'><describetypes hs:type='recordarray'><record hs:type='record'><namespace hs:type='string'>http://www.webhare.net/xmlns/publisher/richdocumentfile</namespace><members hs:type='recordarray'><record hs:type='record'><name hs:type='string'>data</name><type hs:type='integer'>15</type><children hs:type='recordarray'></children></record><record hs:type='record'><name hs:type='string'>original</name><type hs:type='integer'>5</type><children hs:type='recordarray'></children></record></members><foldertype hs:type='boolean'>false</foldertype><filetype hs:type='boolean'>true</filetype><cloneoncopy hs:type='boolean'>true</cloneoncopy></record><record hs:type='record'><namespace hs:type='string'>http://www.webhare.net/xmlns/publisher/sitesettings</namespace><members hs:type='recordarray'><record hs:type='record'><name hs:type='string'>sitedesign</name><type hs:type='integer'>2</type><children hs:type='recordarray'></children></record><record hs:type='record'><name hs:type='string'>siteprofiles</name><type hs:type='integer'>13</type><children hs:type='recordarray'></children></record><record hs:type='record'><name hs:type='string'>profiles</name><type hs:type='integer'>13</type><children hs:type='recordarray'></children></record><record hs:type='record'><name hs:type='string'>templates</name><type hs:type='integer'>13</type><children hs:type='recordarray'></children></record></members><foldertype hs:type='boolean'>false</foldertype><filetype hs:type='boolean'>false</filetype><cloneoncopy hs:type='boolean'>true</cloneoncopy></record></describetypes></meta><folder xmlns:hs='http://www.webhare.net/xmlns/hs/xmlrecord' hs:type='record'><subversion hs:type='integer'>1</subversion><data hs:type='record'><requireprofile hs:type='boolean'>false</requireprofile><requiretemplate hs:type='boolean'>false</requiretemplate><requireprofileinsubfolders hs:type='boolean'>false</requireprofileinsubfolders><requiretemplateinsubfolders hs:type='boolean'>false</requiretemplateinsubfolders><title hs:type='string'></title><description hs:type='string'></description><keywords hs:type='string'></keywords><ordering hs:type='integer'>1</ordering><ispinned hs:type='boolean'>false</ispinned></data><type hs:type='string'>http://www.webhare.net/xmlns/publisher/normalfolder</type><templatepath hs:type='string'></templatepath><profilepath hs:type='string'></profilepath><indexpath hs:type='string'>Example site/home.rtd</indexpath><contentinstances hs:type='recordarray'><record hs:type='record'><namespace hs:type='string'>http://www.webhare.net/xmlns/publisher/sitesettings</namespace><instance hs:type='record'><sitedesign hs:type='string'>whexample_site:first</sitedesign><siteprofiles hs:type='stringarray'></siteprofiles><profiles hs:type='stringarray'></profiles><templates hs:type='stringarray'></templates></instance></record></contentinstances></folder><file xmlns:hs='http://www.webhare.net/xmlns/hs/xmlrecord' hs:type='record'><subversion hs:type='integer'>1</subversion><name hs:type='string'>contact.rtd</name><data hs:type='record'><ordering hs:type='integer'>4</ordering><published hs:type='integer'>2500000</published><type hs:type='integer'>1143</type><title hs:type='string'>Contact us</title><description hs:type='string'></description><keywords hs:type='string'></keywords><ispinned hs:type='boolean'>false</ispinned><externallink hs:type='string'></externallink><modificationdate hs:type='datetime'>735860,65130885</modificationdate><creationdate hs:type='datetime'>735860,65130885</creationdate></data><templatepath hs:type='string'></templatepath><profilepath hs:type='string'></profilepath><linkpath hs:type='string'></linkpath><contentinstances hs:type='recordarray'></contentinstances><type hs:type='string'>http://www.webhare.net/xmlns/publisher/richdocumentfile</type></file><file xmlns:hs='http://www.webhare.net/xmlns/hs/xmlrecord' hs:type='record'><subversion hs:type='integer'>1</subversion><name hs:type='string'>home.rtd</name><data hs:type='record'><ordering hs:type='integer'>3</ordering><published hs:type='integer'>2500000</published><type hs:type='integer'>1143</type><title hs:type='string'>Example homepage</title><description hs:type='string'></description><keywords hs:type='string'></keywords><ispinned hs:type='boolean'>false</ispinned><externallink hs:type='string'></externallink><modificationdate hs:type='datetime'>735860,65130886</modificationdate><creationdate hs:type='datetime'>735860,65130886</creationdate></data><templatepath hs:type='string'></templatepath><profilepath hs:type='string'></profilepath><linkpath hs:type='string'></linkpath><contentinstances hs:type='recordarray'><record hs:type='record'><namespace hs:type='string'>http://www.webhare.net/xmlns/publisher/richdocumentfile</namespace><instance hs:type='record'><data hs:type='record'><embedded hs:type='recordarray'></embedded><links hs:type='recordarray'></links><instances hs:type='recordarray'></instances><htmltext hs:type='blob'>PGh0bWw+PGJvZHk+PHAgY2xhc3M9Im5vcm1hbCI+VGhpcyBpcyBhIGhvbWVwYWdlPC9wPjwvYm9keT48L2h0bWw+</htmltext></data><original hs:type='record'></original></instance></record></contentinstances><type hs:type='string'>http://www.webhare.net/xmlns/publisher/richdocumentfile</type></file></archive>