<archive xmlns="http://www.webhare.net/xmlns/publisher/archive" version="1" source="WebHare Application Portal v3.13.03"><meta xmlns:hs='http://www.webhare.net/xmlns/hs/xmlrecord' hs:type='record'><describetypes hs:type='recordarray'></describetypes></meta><folder xmlns:hs='http://www.webhare.net/xmlns/hs/xmlrecord' hs:type='record'><subversion hs:type='integer'>1</subversion><data hs:type='record'><requireprofile hs:type='boolean'>false</requireprofile><requiretemplate hs:type='boolean'>false</requiretemplate><requireprofileinsubfolders hs:type='boolean'>false</requireprofileinsubfolders><requiretemplateinsubfolders hs:type='boolean'>false</requiretemplateinsubfolders><title hs:type='string'></title><description hs:type='string'></description><keywords hs:type='string'></keywords><ordering hs:type='integer'>1</ordering><ispinned hs:type='boolean'>false</ispinned></data><type hs:type='string'>http://www.webhare.net/xmlns/publisher/normalfolder</type><templatepath hs:type='string'></templatepath><profilepath hs:type='string'></profilepath><indexpath hs:type='string'></indexpath><contentinstances hs:type='recordarray'></contentinstances></folder></archive>